metro,shuttlemin,closestshuttle,googledirections
Archives,8,9th & G St. NW,https://goo.gl/maps/3orXXEzfJNAvbqeC7
Arlington Cemetery,88,1317 G STREET NW,https://goo.gl/maps/daMcjmkPKxCSL5g26
Ballston,99,3526 Massachusetts Ave NW,https://goo.gl/maps/D2wwwa8NdwTh49Zm8
Capital South,18,North Capitol & Massachusetts NE,https://goo.gl/maps/S1UjZD464muS3BQq6
Clarendon,78,3526 Massachusetts Ave NW,https://goo.gl/maps/ncFm281s2RxE6D2t9
Courthouse,67,3526 Massachusetts Ave NW,https://goo.gl/maps/Y6bLGx3sPb6gox9a7
Crystal City,87,1317 G STREET NW,https://goo.gl/maps/waBxGN765q1ZhaNF7
Dupont Circle,19,1333 N STREET NW,https://goo.gl/maps/VRhY8dhdFQHqTitp9
Farragut North,14,1333 N STREET NW,https://goo.gl/maps/3WcNaTbG6jYG458x7
Farragut West,13,1317 G St. NW,https://goo.gl/maps/eNKmkpidSQ6nFoZz9
Federal Center,22,North Capitol & Massachusetts NE,https://goo.gl/maps/oBaTqLcTHMMgAwp27
Federal Triangle,9,1317 G St. NW,https://goo.gl/maps/poxsevYW8WJQZ6Et6
Foggy Bottom,25,1317 G St. NW,https://goo.gl/maps/SyCvEBG57znxS1HN7
Gallery Place,4,9th & G St. NW,https://goo.gl/maps/wD5EjnRFTnU1yXtK6
Georgetown,38,"3526 Massachusetts Ave NW,",https://goo.gl/maps/5tv8p698YWypDoyC8
L'Enfant Plaza,19,9th & G St. NW,https://goo.gl/maps/WGBzwvSoF3SVmJVK8
McPherson Square,7,1317 G St. NW,https://goo.gl/maps/6eyHywoDtUBi5gFs6
Metro Center,2,1317 G St. NW,https://goo.gl/maps/5A52afzamfvmf4e57
Navy Yard,11,Greenleaf Morning (King Greenleaf Recreation Center),https://goo.gl/maps/TABkUpdVX5D2f3GA8
Pentagon,105,1317 G STREET NW,https://goo.gl/maps/ivFBvrcybkT93BFz9
Pentagon City,100,1317 G STREET NW,https://goo.gl/maps/4sF8iWQg4sSUq8sT6
Rosslyn,53,3526 Massachusetts Ave NW,https://goo.gl/maps/Kt62Uq5vcbbV4nGN8
Smithsonian,15,1317 G St. NW,https://goo.gl/maps/Zjux9useX2QLr1oj7
Vienna,280,3526 Massachusetts Ave NW,https://goo.gl/maps/aCtyo2mQM55s37qJ9
Virginia Square,90,3526 Massachusetts Ave NW,https://goo.gl/maps/PzP7L4gXM5XWtYu66
Waterfront,7,Greenleaf Morning (King Greenleaf Recreation Center),https://goo.gl/maps/rsPQ1fbvz4nvM2Dn9
